date_game,date,time,home,away,score1,score2,set1p1,set1p2,set2p1,set2p2,set3p1,set3p2,set4p1,set4p2,set5p1,set5p2,win,pr_home,pr_away,elo_home,elo_away
2021-11-09,2021-11-09 00:07:00,00:07,Журба Н,Праведнов А,3,1,11,9,8,11,11,8,11,6,0,0,1,0.5,0.5,1004.6,995.4
2021-11-09,2021-11-09 00:14:00,00:14,Серебренников А,Цицельский А,0,3,5,11,10,12,10,12,0,0,0,0,0,0.5,0.5,995.4,1004.6
2021-11-09,2021-11-09 00:16:00,00:16,Ширшов В,Минков М,3,0,11,6,12,10,14,12,0,0,0,0,1,0.5,0.5,1004.6,995.4
2021-11-09,2021-11-09 00:32:00,00:32,Огай С,Чурин К,3,1,11,7,11,7,5,11,12,10,0,0,1,0.5,0.5,1004.6,995.4
2021-11-09,2021-11-09 00:34:00,00:34,Меркушин Ю,Петров А,1,3,8,11,11,6,8,11,11,13,0,0,0,0.5,0.5,995.4,1004.6
2021-11-09,2021-11-09 00:46:00,00:46,Ильин А,Балакин Д,3,0,11,4,11,7,11,6,0,0,0,0,1,0.5,0.5,1004.6,995.4
2021-11-09,2021-11-09 01:00:00,01:00,Цицельский А,Саянов Д,3,1,11,6,5,11,11,6,11,1,0,0,1,0.5066195453580028,0.4933804546419972,1009.1391001827064,995.4608998172936
2021-11-09,2021-11-09 01:03:00,01:03,Павленко Р,Журба Н,3,1,11,5,6,11,11,3,11,9,0,0,1,0.49338045464199715,0.5066195453580029,1004.6608998172936,999.9391001827064
2021-11-09,2021-11-09 01:15:00,01:15,Лбов Ю,Ширшов В,0,3,10,12,13,15,7,11,0,0,0,0,0,0.49338045464199715,0.5066195453580029,995.4608998172936,1009.1391001827064
2021-11-09,2021-11-09 01:30:00,01:30,Чурин К,Праведнов А,3,2,9,11,11,9,11,9,7,11,11,8,1,0.5,0.5,1000.0,990.8
2021-11-09,2021-11-09 01:30:00,01:30,Серебренников А,Меркушин Ю,0,3,12,14,8,11,10,12,0,0,0,0,0,0.5,0.5,990.8,1000.0
2021-11-09,2021-11-09 01:46:00,01:46,Балакин Д,Минков М,3,2,11,8,7,11,11,7,8,11,11,8,1,0.5,0.5,1000.0,990.8
2021-11-09,2021-11-09 01:50:00,01:50,Саянов Д,Петров А,3,2,7,11,11,4,12,10,5,11,11,9,1,0.48685081020342724,0.5131491897965728,1000.181872363422,999.8790274538716
2021-11-09,2021-11-09 02:05:00,02:05,Огай С,Журба Н,2,3,9,11,11,8,11,3,9,11,8,11,0,0.5067071716746249,0.49329282832537513,999.9382940205935,1004.6008061621129
2021-11-09,2021-11-09 02:15:00,02:15,Ильин А,Ширшов В,3,0,12,10,11,5,12,10,0,0,0,0,1,0.49346808136531106,0.5065319186346889,1009.2600936514392,1004.4790065312673
2021-11-09,2021-11-09 02:21:00,02:21,Цицельский А,Меркушин Ю,0,3,8,11,7,11,9,11,0,0,0,0,0,0.5131491897965728,0.48685081020342724,1004.418127636578,1004.7209725461285
2021-11-09,2021-11-09 02:35:00,02:35,Праведнов А,Павленко Р,0,3,8,11,6,11,3,11,0,0,0,0,0,0.4800631377464521,0.5199368622535478,986.3834191327326,1009.077480684561
2021-11-09,2021-11-09 02:47:00,02:47,Минков М,Лбов Ю,3,0,11,8,11,8,11,7,0,0,0,0,1,0.4932928283253751,0.506707171674625,995.4617059794065,990.7991938378871
2021-11-09,2021-11-09 02:48:00,02:48,Петров А,Серебренников А,3,0,11,8,11,7,12,10,0,0,0,0,1,0.513062797588751,0.48693720241124905,1004.358849716055,986.3201777378165
2021-11-09,2021-11-09 03:01:00,03:01,Журба Н,Чурин К,3,2,5,11,11,13,12,10,11,3,14,12,1,0.5066207053151616,0.49337929468483843,1009.1398956732135,995.4609104888995
2021-11-09,2021-11-09 03:14:00,03:14,Ширшов В,Балакин Д,3,0,11,6,11,4,11,7,0,0,0,0,1,0.5064454514832328,0.49355454851676717,1009.0197083776216,995.4592981536457
2021-11-09,2021-11-09 03:18:00,03:18,Меркушин Ю,Саянов Д,3,0,11,4,11,8,12,10,0,0,0,0,1,0.5065319186346888,0.4934680813653112,1009.2608788946893,995.6419660148612
2021-11-09,2021-11-09 03:33:00,03:33,Праведнов А,Огай С,2,3,8,11,11,5,11,9,6,11,9,11,0,0.4805028581451444,0.5194971418548556,981.9627928377972,1004.3589203155288
2021-11-09,2021-11-09 03:46:00,03:46,Петров А,Цицельский А,1,3,8,11,8,11,11,9,5,11,0,0,0,0.49991469221574025,0.5000853077842597,999.7596345476702,1009.0173428049628
2021-11-09,2021-11-09 03:46:00,03:46,Минков М,Ильин А,2,3,11,5,11,13,4,11,11,4,6,11,0,0.4801529575663374,0.5198470424336625,991.0442987697961,1013.6775008610496
2021-11-09,2021-11-09 04:03:00,04:03,Чурин К,Павленко Р,3,1,11,8,14,12,9,11,13,11,0,0,1,0.48041420707985943,0.5195857929201406,1000.2410997837648,1004.2972913896957
2021-11-09,2021-11-09 04:15:00,04:15,Балакин Д,Лбов Ю,3,0,12,10,11,5,11,5,0,0,0,0,1,0.5067060270618587,0.49329397293814126,999.9976027046766,986.2608892868561
2021-11-09,2021-11-09 04:18:00,04:18,Саянов Д,Серебренников А,1,3,8,11,7,11,12,10,5,11,0,0,0,0.513411913611723,0.486588086388277,990.9185764096333,991.0435673430443
2021-11-09,2021-11-09 04:31:00,04:31,Огай С,Чурин К,3,0,11,5,11,8,11,8,0,0,0,0,1,0.5059257426454224,0.49407425735457755,1008.904403483191,995.6956166161026
2021-11-09,2021-11-09 04:44:00,04:44,Балакин Д,Минков М,1,3,8,11,6,11,12,10,7,11,0,0,0,0.5128819886930347,0.4871180113069653,995.2790884087008,995.762813065772
2021-11-09,2021-11-09 04:47:00,04:47,Петров А,Саянов Д,3,0,11,3,11,8,12,10,0,0,0,0,1,0.512720559892291,0.48727944010770896,1004.2426053966611,986.4356055606423
2021-11-09,2021-11-09 05:00:00,05:00,Павленко Р,Журба Н,3,1,11,6,11,3,8,11,11,8,0,0,1,0.49303138349073994,0.5069686165092601,1008.9614026615809,1004.4757844013283
2021-11-09,2021-11-09 05:14:00,05:14,Меркушин Ю,Цицельский А,2,3,9,11,11,8,5,11,11,8,9,11,0,0.5003504765487309,0.4996495234512691,1004.657654510441,1013.6205671892111
2021-11-09,2021-11-09 05:15:00,05:15,Ильин А,Ширшов В,3,0,15,13,12,10,11,6,0,0,0,0,1,0.5067027006658685,0.49329729933413147,1018.2158360149235,1004.4813732237476
2021-11-09,2021-11-09 07:31:00,07:31,Сергеевич И,Белугин О,3,1,11,7,8,11,11,3,11,9,0,0,1,0.5,0.5,1004.6,995.4
2021-11-09,2021-11-09 07:45:00,07:45,Гуров А,Селькин В,1,3,11,7,4,11,3,11,5,11,0,0,0,0.5,0.5,995.4,1004.6
2021-11-09,2021-11-09 07:49:00,07:49,Новиков И,Журба Н,2,3,11,7,11,9,3,11,8,11,5,11,0,0.4935591847644913,0.5064408152355087,995.4592555001667,1009.0165289011616
2021-11-09,2021-11-09 08:00:00,08:00,Овечкин С,Климентьев В,3,2,14,12,8,11,9,11,11,8,11,9,1,0.5,0.5,1004.6,995.4
2021-11-09,2021-11-09 08:16:00,08:16,Лобанов М,Духин М,1,3,11,9,11,13,4,11,1,11,0,0,0,0.5,0.5,995.4,1004.6
2021-11-09,2021-11-09 08:18:00,08:18,Минченков И,Павленко Р,0,3,10,12,9,11,9,11,0,0,0,0,0,0.4871063640457429,0.5128936359542571,995.5186214507792,1013.4427812108017
2021-11-09,2021-11-09 08:34:00,08:34,Белугин О,Овечкин С,3,1,9,11,11,6,11,9,11,5,0,0,1,0.4867632293394211,0.5132367706605789,1000.1217782900773,999.8782217099227
2021-11-09,2021-11-09 08:45:00,08:45,Селькин В,Лобанов М,3,0,11,9,11,6,11,9,0,0,0,0,1,0.5132367706605789,0.48676322933942107,1009.0782217099227,990.9217782900773
2021-11-09,2021-11-09 08:46:00,08:46,Журба Н,Минченков И,1,3,4,11,9,11,11,8,11,13,0,0,0,0.5194152832586915,0.48058471674130854,1004.2379082951816,1000.2972420567592
2021-11-09,2021-11-09 09:00:00,09:00,Климентьев В,Сергеевич И,0,3,9,11,9,11,7,11,0,0,0,0,0,0.4867632293394211,0.5132367706605789,990.9217782900773,1009.0782217099227
2021-11-09,2021-11-09 09:15:00,09:15,Духин М,Гуров А,3,0,11,7,11,7,11,1,0,0,0,0,1,0.5132367706605789,0.48676322933942107,1009.0782217099227,990.9217782900773
2021-11-09,2021-11-09 09:17:00,09:17,Павленко Р,Новиков И,3,1,7,11,11,8,12,10,11,5,0,0,1,0.5258572859466686,0.4741427140533314,1017.8048941800923,991.0971425308761
2021-11-09,2021-11-09 09:31:00,09:31,Сергеевич И,Овечкин С,3,2,8,11,11,5,8,11,11,6,11,6,1,0.5132367706605788,0.4867632293394212,1013.5564434198453,995.4000000000001
2021-11-09,2021-11-09 09:45:00,09:45,Гуров А,Лобанов М,2,3,11,5,11,8,8,11,9,11,5,11,0,0.5,0.5,986.3217782900773,995.5217782900773
2021-11-09,2021-11-09 09:46:00,09:46,Новиков И,Минченков И,3,2,13,11,10,12,12,10,6,11,11,5,1,0.4867630862105451,0.5132369137894549,995.8189221377392,995.5754624498961
2021-11-09,2021-11-09 10:05:00,10:05,Белугин О,Климентьев В,2,3,9,11,10,12,12,10,11,9,2,11,0,0.5132367706605788,0.4867632293394212,995.4,995.6435565801546
2021-11-09,2021-11-09 10:16:00,10:16,Селькин В,Духин М,2,3,2,11,18,16,11,4,6,11,9,11,0,0.5,0.5,1004.4782217099227,1013.6782217099227
2021-11-09,2021-11-09 10:18:00,10:18,Журба Н,Павленко Р,3,0,11,5,11,4,11,8,0,0,0,0,1,0.48048545554494343,0.5195145444550566,1009.0174421041681,1013.0253603711058
2021-11-09,2021-11-09 10:41:00,10:41,Овечкин С,Климентьев В,3,2,11,9,8,11,11,6,9,11,11,5,1,0.4996494939631872,0.5003505060368127,1000.0032246555388,991.0403319246159
2021-11-09,2021-11-09 10:46:00,10:46,Новиков И,Минченков И,3,1,11,7,11,5,11,13,11,8,0,0,1,0.5003503665976362,0.4996496334023638,1000.4156987650409,990.9786858225943
2021-11-09,2021-11-09 10:48:00,10:48,Лобанов М,Гуров А,0,3,8,11,6,11,9,11,0,0,0,0,0,0.5132367706605789,0.48676322933942107,990.8000000000001,991.0435565801546
2021-11-09,2021-11-09 11:11:00,11:11,Сергеевич И,Белугин О,0,3,9,11,10,12,6,11,0,0,0,0,0,0.52610546260587,0.47389453739413,1008.7162731638713,1000.240170255974
2021-11-09,2021-11-09 11:15:00,11:15,Духин М,Селькин В,3,2,5,11,8,11,11,3,11,3,12,10,1,0.5132367706605789,0.48676322933942107,1018.1564434198453,1000.0
2021-11-09,2021-11-09 11:16:00,11:16,Журба Н,Павленко Р,3,2,6,11,11,5,7,11,11,7,11,5,1,0.49423239779999817,0.5057676022000018,1013.6705040444082,1008.3722984308657
2021-11-09,2021-11-09 11:34:00,11:34,Козлов А,Ильичев М,0,3,7,11,5,11,9,11,0,0,0,0,0,0.5,0.5,995.4,1004.6
2021-11-09,2021-11-09 11:47:00,11:47,Симонов К,Овечкин С,1,3,13,11,9,11,5,11,9,11,0,0,0,0.49999535934764155,0.5000046406523584,995.4000426940017,1004.6031819615371
2021-11-09,2021-11-09 11:47:00,11:47,Богданов Д,Пандур И,3,1,11,6,11,6,12,14,11,5,0,0,1,0.5,0.5,1004.6,995.4
2021-11-09,2021-11-09 12:01:00,12:01,Троянов Я,Семешин П,1,3,7,11,10,12,11,9,9,11,0,0,0,0.5,0.5,995.4,1004.6
2021-11-09,2021-11-09 12:15:00,12:15,Беспалов Н,Мануйлов О,2,3,6,11,11,4,11,6,6,11,7,11,0,0.5,0.5,995.4,1004.6
2021-11-09,2021-11-09 12:15:00,12:15,Зирин А,Чернов В,3,1,11,9,18,16,5,11,11,5,0,0,1,0.5,0.5,1004.6,995.4
2021-11-09,2021-11-09 12:31:00,12:31,Ильичев М,Троянов Я,1,3,11,8,5,11,7,11,9,11,0,0,0,0.5132367706605789,0.48676322933942107,999.8782217099227,1000.1217782900773
2021-11-09,2021-11-09 12:46:00,12:46,Овечкин С,Беспалов Н,3,0,12,10,11,9,11,7,0,0,0,0,1,0.5132413466608878,0.48675865333911217,1009.0813615722569,990.9218203892801
2021-11-09,2021-11-09 12:47:00,12:47,Пандур И,Зирин А,3,0,15,13,11,7,11,7,0,0,0,0,1,0.4867632293394211,0.5132367706605789,1000.1217782900773,999.8782217099227
2021-11-09,2021-11-09 13:03:00,13:03,Семешин П,Козлов А,3,2,6,11,11,7,11,9,9,11,11,5,1,0.5132367706605789,0.48676322933942107,1009.0782217099227,990.9217782900773
2021-11-09,2021-11-09 13:15:00,13:15,Чернов В,Богданов Д,2,3,11,5,9,11,4,11,11,9,11,13,0,0.4867632293394211,0.5132367706605789,990.9217782900773,1009.0782217099227
2021-11-09,2021-11-09 13:15:00,13:15,Мануйлов О,Симонов К,2,3,11,13,11,6,11,8,11,13,17,19,0,0.5132367092620325,0.48676329073796754,999.8782222747893,1000.1218204192124
2021-11-09,2021-11-09 13:32:00,13:32,Козлов А,Троянов Я,3,2,11,6,8,11,11,7,7,11,11,7,1,0.48676322933942134,0.5132367706605787,995.6435565801546,995.4
2021-11-09,2021-11-09 13:56:00,13:56,Богданов Д,Зирин А,0,3,10,12,6,11,10,12,0,0,0,0,0,0.5132367706605788,0.4867632293394212,1004.3564434198454,1004.6
2021-11-09,2021-11-09 14:01:00,14:01,Симонов К,Беспалов Н,3,0,11,9,11,3,11,8,0,0,0,0,1,0.5132367707036247,0.4867632292963753,1004.6000421287391,986.4435986797534
2021-11-09,2021-11-09 14:02:00,14:02,Ильичев М,Семешин П,3,1,11,4,11,6,10,12,11,9,0,0,1,0.48676322933942134,0.5132367706605787,1004.6,1004.3564434198454
2021-11-09,2021-11-09 14:16:00,14:16,Пандур И,Чернов В,3,0,11,8,16,14,11,7,0,0,0,0,1,0.5132367706605788,0.4867632293394212,1004.5999999999999,986.4435565801547
2021-11-09,2021-11-09 14:20:00,14:20,Овечкин С,Мануйлов О,3,0,11,7,11,7,11,5,0,0,0,0,1,0.5132412853054169,0.4867587146945831,1013.559541747447,995.4000420995992
2021-11-09,2021-11-09 14:31:00,14:31,Троянов Я,Козлов А,2,3,8,11,11,13,11,6,11,8,8,11,0,0.4996494939631871,0.500350506036813,990.8032246555387,1000.2403319246159
2021-11-09,2021-11-09 14:45:00,14:45,Богданов Д,Чернов В,3,0,11,8,11,8,11,6,0,0,0,0,1,0.5257558992475628,0.47424410075243717,1008.7194891467678,982.0805108532322
2021-11-09,2021-11-09 14:47:00,14:47,Мануйлов О,Беспалов Н,3,1,8,11,11,5,11,6,11,7,0,0,1,0.5128865037750099,0.4871134962249901,999.8814862648691,981.9621545144836
2021-11-09,2021-11-09 15:02:00,15:02,Ильичев М,Семешин П,0,3,12,14,6,11,8,11,0,0,0,0,0,0.500350506036813,0.49964949396318703,999.9967753444613,1008.9596680753841
2021-11-09,2021-11-09 15:16:00,15:16,Овечкин С,Симонов К,1,3,11,8,6,11,8,11,12,14,0,0,0,0.5128908990762157,0.48710910092378434,1008.8409454759459,1009.3186384002403
2021-11-09,2021-11-09 15:16:00,15:16,Пандур И,Зирин А,3,2,8,11,11,7,6,11,13,11,15,13,1,0.4999999999999998,0.5000000000000002,1009.1999999999999,1000.0
2021-11-09,2021-11-09 15:34:00,15:34,Гусев М,Кольмин А,3,0,11,4,11,5,11,9,0,0,0,0,1,0.5,0.5,1004.6,995.4
2021-11-09,2021-11-09 15:47:00,15:47,Лбов Ю,Демченко В,3,2,11,4,9,11,11,9,7,11,11,9,1,0.4802381301330077,0.5197618698669924,991.0426984896325,995.2181907972237
2021-11-09,2021-11-09 15:51:00,15:51,Курильчик Н,Андреев Д,3,0,11,5,11,6,11,9,0,0,0,0,1,0.5,0.5,1004.6,995.4
2021-11-09,2021-11-09 16:01:00,16:01,Немашкало В,Селькин В,3,2,11,7,10,12,16,14,9,11,11,9,1,0.5,0.5,1004.6,995.4
2021-11-09,2021-11-09 16:18:00,16:18,Матвеев И,Полетаев И,2,3,11,8,11,2,6,11,8,11,6,11,0,0.5,0.5,995.4,1004.6
2021-11-09,2021-11-09 16:19:00,16:19,Попов Д,Тихненко Д,3,0,11,8,11,9,11,4,0,0,0,0,1,0.5,0.5,1004.6,995.4
2021-11-09,2021-11-09 16:45:00,16:45,Демченко В,Попов Д,2,3,11,4,12,10,5,11,3,11,4,11,0,0.4865017718833958,0.5134982281166043,990.7423744958965,1009.0758163013272
2021-11-09,2021-11-09 16:45:00,16:45,Андреев Д,Матвеев И,3,2,11,8,9,11,11,7,12,14,11,8,1,0.5,0.5,1000.0,990.8
2021-11-09,2021-11-09 16:48:00,16:48,Кольмин А,Немашкало В,3,2,8,11,15,13,11,4,10,12,11,3,1,0.4867632293394211,0.5132367706605789,1000.1217782900773,999.8782217099227
2021-11-09,2021-11-09 17:16:00,17:16,Полетаев И,Курильчик Н,2,3,11,9,10,12,11,9,8,11,9,11,0,0.5,0.5,1000.0,1009.2
2021-11-09,2021-11-09 17:16:00,17:16,Тихненко Д,Лбов Ю,3,2,11,5,8,11,11,6,14,16,13,11,1,0.5062703322005514,0.4937296677994486,999.9423129437549,986.5003855458775
2021-11-09,2021-11-09 17:33:00,17:33,Селькин В,Гусев М,3,1,11,2,11,9,10,12,11,6,0,0,1,0.4867632293394211,0.5132367706605789,1000.1217782900773,999.8782217099227
2021-11-09,2021-11-09 17:49:00,17:49,Курильчик Н,Матвеев И,3,0,11,3,11,8,15,13,0,0,0,0,1,0.5264550003767342,0.4735449996232658,1013.5566139965341,986.4433860034659
2021-11-09,2021-11-09 17:51:00,17:51,Лбов Ю,Попов Д,1,3,5,11,11,8,6,11,8,11,0,0,0,0.4675569893841133,0.5324430106158867,982.1988612435437,1013.3773406036611
2021-11-09,2021-11-09 17:58:00,17:58,Гусев М,Немашкало В,1,3,6,11,11,6,10,12,8,11,0,0,0,0.5,0.5,995.2782217099227,1004.4782217099228
2021-11-09,2021-11-09 18:14:00,18:14,Андреев Д,Полетаев И,3,0,11,9,11,9,11,5,0,0,0,0,1,0.5,0.5,1004.6,995.4
2021-11-09,2021-11-09 18:15:00,18:15,Демченко В,Тихненко Д,2,3,11,7,11,8,4,11,7,11,5,11,0,0.48676331785799215,0.5132366821420078,986.2641519716029,1004.4205354680485
2021-11-09,2021-11-09 18:27:00,18:27,Кольмин А,Селькин В,1,3,13,15,9,11,11,6,12,14,0,0,0,0.5,0.5,995.5217782900772,1004.7217782900773
2021-11-09,2021-11-09 18:48:00,18:48,Полетаев И,Матвеев И,3,2,11,6,12,14,10,12,11,5,14,12,1,0.5128867490915349,0.48711325090846513,999.8814419083578,981.961944095108
2021-11-09,2021-11-09 18:49:00,18:49,Лбов Ю,Демченко В,3,0,11,9,11,8,11,8,0,0,0,0,1,0.49414984333567835,0.5058501566643216,986.8526826848554,981.6103305302912
2021-11-09,2021-11-09 19:11:00,19:11,Гусев М,Кольмин А,1,3,6,11,11,5,5,11,4,11,0,0,0,0.4996494939631872,0.5003505060368127,990.6814463654614,1000.1185536345386
2021-11-09,2021-11-09 19:40:00,19:40,Курильчик Н,Андреев Д,3,0,11,8,11,1,13,11,0,0,0,0,1,0.5128867490915349,0.48711325090846513,1018.038055904892,1000.1185580916422
2021-11-09,2021-11-09 19:42:00,19:42,Попов Д,Тихненко Д,3,0,11,6,12,10,11,7,0,0,0,0,1,0.5128870239800541,0.48711297601994585,1017.8587799830445,999.939096088665
2021-11-09,2021-11-09 19:55:00,19:55,Селькин В,Немашкало В,2,3,11,9,9,11,11,3,8,11,9,11,0,0.5003505060368127,0.49964949396318725,1000.1185536345386,1009.0814463654615
2021-11-09,2021-11-09 19:58:00,19:58,Маршалов В,Никулин С,2,3,8,11,11,9,8,11,11,7,6,11,0,0.5,0.5,995.4,1004.6
2021-11-09,2021-11-09 19:59:00,19:59,Ширшов А,Пиньковский П,3,1,6,11,11,8,11,5,12,10,0,0,1,0.5,0.5,1004.6,995.4
2021-11-09,2021-11-09 20:27:00,20:27,Мишакин В,Духин М,1,3,6,11,5,11,11,9,5,11,0,0,0,0.47389453739412996,0.5261054626058701,995.640170255974,1022.5162731638713
2021-11-09,2021-11-09 20:27:00,20:27,Крючков Е,Петроченко Д,2,3,11,7,9,11,5,11,11,5,8,11,0,0.5,0.5,995.4,1004.6
2021-11-09,2021-11-09 20:29:00,20:29,Пронкин М,Каплан С,1,3,8,11,11,9,9,11,9,11,0,0,0,0.5,0.5,995.4,1004.6
2021-11-09,2021-11-09 20:44:00,20:44,Марченко М,Бардышев Г,3,2,10,12,10,12,11,3,11,9,12,10,1,0.5,0.5,1004.6,995.4
2021-11-09,2021-11-09 20:58:00,20:58,Никулин С,Крючков Е,3,2,11,6,11,7,6,11,5,11,11,8,1,0.5132367706605789,0.48676322933942107,1009.0782217099227,990.9217782900773
2021-11-09,2021-11-09 20:58:00,20:58,Пиньковский П,Пронкин М,3,0,11,7,11,7,11,6,0,0,0,0,1,0.5,0.5,1000.0,990.8
2021-11-09,2021-11-09 21:17:00,21:17,Каплан С,Ширшов А,2,3,11,8,10,12,11,6,9,11,8,11,0,0.5,0.5,1000.0,1009.2
2021-11-09,2021-11-09 21:17:00,21:17,Духин М,Марченко М,3,0,11,5,11,9,11,9,0,0,0,0,1,0.5257607596261936,0.4742392403738064,1026.8792741753105,1000.236998988561
2021-11-09,2021-11-09 21:26:00,21:26,Петроченко Д,Маршалов В,3,1,11,8,7,11,11,8,11,9,0,0,1,0.5132367706605789,0.48676322933942107,1009.0782217099227,990.9217782900773
2021-11-09,2021-11-09 21:34:00,21:34,Бардышев Г,Мишакин В,3,0,11,8,11,8,11,4,0,0,0,0,1,0.49965436727306184,0.5003456327269382,1000.0031798210878,991.0369904348862
2021-11-09,2021-11-09 21:47:00,21:47,Мишакин В,Марченко М,2,3,11,7,5,11,11,8,6,11,4,11,0,0.4867632170383209,0.5132367829616791,986.5587688381337,1004.7152205853135
2021-11-09,2021-11-09 21:54:00,21:54,Маршалов В,Крючков Е,3,0,11,7,11,4,11,3,0,0,0,0,1,0.5,0.5,995.5217782900773,986.3217782900773
2021-11-09,2021-11-09 22:05:00,22:05,Ширшов А,Пронкин М,3,2,12,14,11,8,6,11,13,11,11,9,1,0.5264550003767342,0.4735449996232658,1013.5566139965341,986.4433860034659
2021-11-09,2021-11-09 22:09:00,22:09,Духин М,Бардышев Г,3,2,14,12,7,11,11,4,11,13,11,2,1,0.5386008451594214,0.4613991548405786,1031.1241463998438,995.7583075965545
2021-11-09,2021-11-09 22:16:00,22:16,Никулин С,Петроченко Д,1,3,5,11,11,6,7,11,6,11,0,0,0,0.5,0.5,1004.4782217099227,1013.6782217099227
2021-11-09,2021-11-09 22:44:00,22:44,Бардышев Г,Мишакин В,3,1,11,5,10,12,11,4,11,8,0,0,1,0.5132361073457743,0.4867638926542257,1000.2365354089733,982.0805410257149
2021-11-09,2021-11-09 22:47:00,22:47,Маршалов В,Крючков Е,2,3,4,11,15,13,11,9,6,11,10,12,0,0.5132367706605789,0.48676322933942107,990.8000000000001,991.0435565801546
2021-11-09,2021-11-09 22:52:00,22:52,Пиньковский П,Каплан С,1,3,9,11,9,11,11,7,3,11,0,0,0,0.5,0.5,995.4,1004.6
2021-11-09,2021-11-09 23:05:00,23:05,Духин М,Марченко М,2,3,4,11,16,14,7,11,12,10,5,11,0,0.5379324736414839,0.4620675263585161,1026.175167642342,1009.6641993428152
2021-11-09,2021-11-09 23:20:00,23:20,Петроченко Д,Никулин С,1,3,4,11,11,8,6,11,9,11,0,0,0,0.5132367706605789,0.48676322933942107,1008.9564434198454,1009.1999999999999
2021-11-09,2021-11-09 23:21:00,23:21,Пиньковский П,Пронкин М,0,3,9,11,9,11,11,13,0,0,0,0,0,0.5128867490915349,0.48711325090846513,990.6814419083579,991.161944095108
2021-11-09,2021-11-09 23:42:00,23:42,Ширшов А,Каплан С,1,3,8,11,11,3,8,11,7,11,0,0,0,0.5128867490915349,0.48711325090846513,1008.838055904892,1009.3185580916421
2021-11-09,2021-11-09 23:42:00,23:42,Павленко Р,Огай С,3,1,10,12,12,10,11,9,13,11,0,0,1,0.4992342398728421,0.5007657601271579,1012.9793434240356,1004.2973584900211
2021-11-09,2021-11-09 23:48:00,23:48,Лбов Ю,Ильин А,0,3,8,11,8,11,8,11,0,0,0,0,0,0.45498699433573425,0.5450130056642657,982.6668023369666,1022.4017163628123
2021-11-10,2021-11-10 00:00:00,00:00,Журба Н,Огай С,3,1,11,9,11,9,9,11,13,11,0,0,1,0.5134857692027303,0.48651423079726974,1018.1464349677431,999.8214275666862
2021-11-10,2021-11-10 00:14:00,00:14,Гиревенков А,Кобытов Р,3,0,13,11,11,7,11,7,0,0,0,0,1,0.5,0.5,1004.6,995.4
2021-11-10,2021-11-10 00:18:00,00:18,Ширшов В,Власов А,0,3,10,12,4,11,8,11,0,0,0,0,0,0.5064488568612153,0.4935511431387847,999.8220437406244,1004.6593294831232
2021-11-10,2021-11-10 00:30:00,00:30,Турабеков Т,Уваров А,3,1,12,10,13,11,8,11,11,8,0,0,1,0.5,0.5,1004.6,995.4
2021-11-10,2021-11-10 00:33:00,00:33,Цицельский А,Садовский Н,2,3,11,4,11,8,8,11,9,11,9,11,0,0.5195915362275014,0.4804084637724986,1008.8403250559181,1004.780242133293
2021-11-10,2021-11-10 00:46:00,00:46,Ильин А,Лбов Ю,3,1,7,11,11,5,11,5,11,6,0,0,1,0.5569351237206013,0.4430648762793987,1026.4779132245828,978.5906054751962
2021-11-10,2021-11-10 00:59:00,00:59,Кобытов Р,Серебренников А,1,3,11,9,9,11,8,11,10,12,0,0,0,0.506269082016586,0.49373091798341395,990.7423244454474,995.7012428975969
2021-11-10,2021-11-10 01:00:00,01:00,Евлахин Д,Журба Н,2,3,6,11,12,10,10,12,11,9,7,11,0,0.4739089014729405,0.5260910985270595,995.640038106449,1022.5063968612941
2021-11-10,2021-11-10 01:15:00,01:15,Воронов Д,Ширшов В,1,3,13,11,5,11,8,11,7,11,0,0,0,0.5002560996213813,0.4997439003786187,995.3976438834833,1004.4243998571411
2021-11-10,2021-11-10 01:25:00,01:25,Гиревенков А,Цицельский А,3,0,11,9,11,4,11,5,0,0,0,0,1,0.49389798467896356,0.5061020153210365,1009.2561385409535,1004.1841865149646
2021-11-10,2021-11-10 01:30:00,01:30,Уваров А,Огай С,3,0,11,9,11,4,12,10,0,0,0,0,1,0.49363739771419446,0.5063626022858055,1000.0585359410294,995.1628916256568
2021-11-10,2021-11-10 01:46:00,01:46,Лбов Ю,Власов А,2,3,9,11,9,11,13,11,11,8,5,11,0,0.46255433429191384,0.5374456657080862,974.3351055997106,1008.9148293586088
2021-11-10,2021-11-10 01:48:00,01:48,Серебренников А,Садовский Н,3,1,7,11,14,12,11,9,11,6,0,0,1,0.48693724299275043,0.5130627570072496,1000.4214202620636,1000.0600647688262
2021-11-10,2021-11-10 02:00:00,02:00,Турабеков Т,Журба Н,3,1,11,7,11,7,9,11,11,6,0,0,1,0.4742534158081782,0.5257465841918219,1009.4368685745648,1017.6695282867294
2021-11-10,2021-11-10 02:16:00,02:16,Кобытов Р,Цицельский А,1,3,4,11,8,11,12,10,9,11,0,0,0,0.4806652514177991,0.5193347485822009,986.3202041324037,1008.6063068280083
2021-11-10,2021-11-10 02:18:00,02:18,Ильин А,Ширшов В,3,0,11,6,11,9,11,5,0,0,0,0,1,0.5316950010463045,0.4683049989536955,1030.7863192149568,1000.1159938667671
2021-11-10,2021-11-10 02:30:00,02:30,Огай С,Евлахин Д,0,3,5,11,9,11,8,11,0,0,0,0,0,0.4993133314480445,0.5006866685519555,990.5692089763348,1000.233720755771
2021-11-10,2021-11-10 02:45:00,02:45,Садовский Н,Гиревенков А,3,2,7,11,11,8,11,8,5,11,11,4,1,0.4867688756772163,0.5132311243227837,1004.7817911125959,1004.5344121971839
2021-11-10,2021-11-10 02:45:00,02:45,Власов А,Воронов Д,3,1,11,6,14,12,11,13,11,8,0,0,1,0.5194429846750084,0.4805570153249916,1013.3359538995987,990.9765193424934
2021-11-10,2021-11-10 03:00:00,03:00,Журба Н,Уваров А,3,0,11,2,11,6,12,10,0,0,0,0,1,0.5253225716875315,0.4746774283124685,1022.036560627204,995.6915036005547
2021-11-10,2021-11-10 03:16:00,03:16,Ширшов В,Лбов Ю,3,2,11,9,6,11,11,5,6,11,11,3,1,0.5370337346060624,0.4629662653939376,1004.3752835083914,970.0758159580863
2021-11-10,2021-11-10 03:18:00,03:18,Цицельский А,Серебренников А,3,2,17,15,11,13,6,11,11,2,11,5,1,0.5117768200720271,0.48822317992797293,1013.0979600833457,995.9297670067263
2021-11-10,2021-11-10 03:30:00,03:30,Огай С,Турабеков Т,3,0,13,11,11,6,11,7,0,0,0,0,1,0.47287391564764136,0.5271260843523586,995.4187689523766,1004.587308598523
2021-11-10,2021-11-10 03:46:00,03:46,Власов А,Ильин А,3,1,5,11,11,9,11,5,11,3,0,0,1,0.47490800166166586,0.5250919983383342,1018.1668002843114,1025.9554728302442
2021-11-10,2021-11-10 03:52:00,03:52,Садовский Н,Кобытов Р,3,0,11,3,11,8,11,6,0,0,0,0,1,0.5265433822168799,0.4734566177831201,1009.1375919962006,981.9644032487989
2021-11-10,2021-11-10 04:00:00,04:00,Уваров А,Евлахин Д,0,3,7,11,6,11,10,12,0,0,0,0,0,0.4934635964473583,0.5065364035526416,991.151638513239,1004.7735858430866
2021-11-10,2021-11-10 04:16:00,04:16,Лбов Ю,Воронов Д,3,2,11,9,7,11,7,11,11,9,11,5,1,0.46995770097477874,0.5300422990252213,974.9522051091184,986.1001301914613
2021-11-10,2021-11-10 04:16:00,04:16,Серебренников А,Гиревенков А,2,3,11,7,11,8,9,11,4,11,9,11,0,0.48761945131066703,0.5123805486893329,991.4436680546681,1009.020511149242
2021-11-10,2021-11-10 04:30:00,04:30,Турабеков Т,Огай С,2,3,6,11,16,14,8,11,11,9,6,11,0,0.5131915271945913,0.48680847280540873,999.8659465483328,1000.1401310025668
2021-11-10,2021-11-10 04:49:00,04:49,Ширшов В,Лбов Ю,0,3,8,11,9,11,9,11,0,0,0,0,0,0.5422422775584953,0.4577577224415047,999.3866545548532,979.9408340626566
2021-11-10,2021-11-10 04:51:00,04:51,Серебренников А,Цицельский А,3,0,11,8,11,4,11,8,0,0,0,0,1,0.46887725746167724,0.5311227425383227,996.3299972860207,1008.2116308519932
2021-11-10,2021-11-10 05:00:00,05:00,Евлахин Д,Журба Н,3,1,9,11,11,9,18,16,11,3,0,0,1,0.4751770064063621,0.5248229935936379,1009.601957384148,1017.2081890861426
2021-11-10,2021-11-10 05:15:00,05:15,Власов А,Ильин А,0,3,9,11,7,11,7,11,0,0,0,0,0,0.48879307646778253,0.5112069235322174,1013.6699039808078,1030.4523691337477
2021-11-10,2021-11-10 05:17:00,05:17,Гиревенков А,Садовский Н,3,1,13,15,11,5,11,6,11,6,0,0,1,0.49983150712332675,0.5001684928766732,1013.6220612837074,1004.5360418617353
2021-11-10,2021-11-10 07:39:00,07:39,Андреев А,Белугин О,0,3,5,11,4,11,8,11,0,0,0,0,0,0.49965436727306184,0.5003456327269382,995.4031798210879,1004.8369904348862
2021-11-10,2021-11-10 07:47:00,07:47,Гуров А,Кольмин А,3,0,11,8,11,5,11,7,0,0,0,0,1,0.4869429986652022,0.5130570013347978,995.7636809924347,995.3984292222584
2021-11-10,2021-11-10 07:47:00,07:47,Трушкин А,Голышев А,1,3,11,4,8,11,9,11,3,11,0,0,0,0.5,0.5,995.4,1004.6
2021-11-10,2021-11-10 08:00:00,08:00,Беспалов Н,Богомолов А,1,3,9,11,11,9,7,11,4,11,0,0,0,0.47406475130851866,0.5259352486914813,977.6007588024452,1004.3613957120384
2021-11-10,2021-11-10 08:15:00,08:15,Хомутов С,Базилевский В,2,3,9,11,9,11,11,5,11,2,9,11,0,0.5,0.5,995.4,1004.6
2021-11-10,2021-11-10 08:16:00,08:16,Немашкало В,Ким Сен,3,2,15,17,12,10,11,9,6,11,11,8,1,0.5130662763057142,0.4869337236942858,1013.561236623449,995.5202097420125
2021-11-10,2021-11-10 08:30:00,08:30,Белугин О,Беспалов Н,0,3,6,11,3,11,5,11,0,0,0,0,0,0.539115993959379,0.46088400604062096,999.8771232904598,982.5606259468715
2021-11-10,2021-11-10 08:49:00,08:49,Голышев А,Хомутов С,3,2,11,6,4,11,6,11,11,6,11,9,1,0.5132367706605789,0.48676322933942107,1009.0782217099227,990.9217782900773
2021-11-10,2021-11-10 08:59:00,08:59,Кольмин А,Немашкало В,1,3,12,14,7,11,11,8,7,11,0,0,0,0.4738854038634139,0.5261145961365861,991.038683506715,1017.9209823389924
2021-11-10,2021-11-10 09:00:00,09:00,Богомолов А,Андреев А,3,0,12,10,11,8,11,5,0,0,0,0,1,0.512889052871282,0.48711094712871805,1008.8428164256226,990.9217591075037
2021-11-10,2021-11-10 09:18:00,09:18,Базилевский В,Трушкин А,0,3,6,11,9,11,6,11,0,0,0,0,0,0.5132367706605789,0.48676322933942107,999.8782217099227,1000.1217782900773
2021-11-10,2021-11-10 09:28:00,09:28,Ким Сен,Гуров А,1,3,11,7,7,11,8,11,9,11,0,0,0,0.4996496167624829,0.5003503832375171,990.9234332677977,1000.3604574666496
2021-11-10,2021-11-10 09:30:00,09:30,Андреев А,Беспалов Н,1,3,17,19,11,8,4,11,10,12,0,0,0,0.5120303155475202,0.4879696844524798,986.2110802044665,987.2713048499087
2021-11-10,2021-11-10 09:45:00,09:45,Трушкин А,Хомутов С,3,0,15,13,11,3,15,13,0,0,0,0,1,0.5132367706605788,0.4867632293394212,1004.5999999999999,986.4435565801547
2021-11-10,2021-11-10 10:00:00,10:00,Белугин О,Богомолов А,3,1,11,6,14,16,11,9,11,6,0,0,1,0.4871001936658203,0.5128998063341796,1004.5958015087343,1004.1241382073481
2021-11-10,2021-11-10 10:00:00,10:00,Гуров А,Немашкало В,1,3,11,9,4,11,6,11,12,14,0,0,0,0.4747498710901434,0.5252501289098566,995.9927586526203,1022.2886811530217
2021-11-10,2021-11-10 10:17:00,10:17,Голышев А,Базилевский В,1,3,11,8,6,11,9,11,8,11,0,0,0,0.5132367706605788,0.4867632293394212,1004.3564434198454,1004.6
2021-11-10,2021-11-10 10:28:00,10:28,Кольмин А,Ким Сен,3,0,11,8,11,3,11,6,0,0,0,0,1,0.5001658584202259,0.4998341415797741,995.6371576092489,986.3249591652637
2021-11-10,2021-11-10 10:32:00,10:32,Белугин О,Андреев А,2,3,11,2,11,8,6,11,7,11,8,11,0,0.5264330740692615,0.47356692593073846,999.7526172272972,991.0542644859037
2021-11-10,2021-11-10 10:48:00,10:48,Базилевский В,Хомутов С,0,3,16,18,6,11,4,11,0,0,0,0,0,0.52610546260587,0.47389453739413,999.759829744026,991.2837268361287
2021-11-10,2021-11-10 10:49:00,10:49,Кольмин А,Ким Сен,3,0,11,4,12,10,11,8,0,0,0,0,1,0.5133981226523383,0.4866018773476617,1000.1138948808474,981.8482218936653
2021-11-10,2021-11-10 11:01:00,11:01,Беспалов Н,Богомолов А,1,3,11,8,4,11,5,11,12,14,0,0,0,0.47576582681971463,0.5242341731802853,982.8942592431673,1008.5011838140895
2021-11-10,2021-11-10 11:17:00,11:17,Немашкало В,Гуров А,3,0,11,2,11,7,11,5,0,0,0,0,1,0.5377707808014855,0.46222921919851445,1026.541189969648,991.740249835994
2021-11-10,2021-11-10 11:17:00,11:17,Трушкин А,Голышев А,3,0,11,2,11,6,11,3,0,0,0,0,1,0.5003505060368127,0.49964949396318725,1009.1967753444612,999.7596680753841
2021-11-10,2021-11-10 11:31:00,11:31,Кутин В,Михайлов И,0,3,7,11,9,11,11,13,0,0,0,0,0,0.5,0.5,995.4,1004.6
2021-11-10,2021-11-10 11:46:00,11:46,Андреев Д,Амбросимов Ф,3,1,11,8,6,11,11,6,11,8,0,0,1,0.5001706188024208,0.49982938119757925,1004.7169883986599,995.4015696929823
2021-11-10,2021-11-10 11:47:00,11:47,Козлов А,Садовский Н,2,3,11,9,4,11,12,10,9,11,13,15,0,0.4938182914547032,0.5061817085452969,995.6972036432327,1009.0791701431185
2021-11-10,2021-11-10 12:00:00,12:00,Пандур И,Зирин А,1,3,11,9,7,11,9,11,5,11,0,0,0,0.5132367706605788,0.4867632293394212,1004.4782217099227,1004.7217782900773
2021-11-10,2021-11-10 12:16:00,12:16,Никифоров О,Полетаев И,2,3,9,11,11,8,14,12,7,11,9,11,0,0.5001706188024208,0.49982938119757925,995.3984303070177,1004.4830116013401
2021-11-10,2021-11-10 12:18:00,12:18,Ильичев М,Журба Н,3,1,11,8,11,5,9,11,11,7,0,0,1,0.4752510263677783,0.5247489736322217,1004.8244659018777,1012.3804985287262
2021-11-10,2021-11-10 12:30:00,12:30,Михайлов И,Пандур И,3,0,11,5,11,7,11,7,0,0,0,0,1,0.5001752530399372,0.49982474696006285,1009.1983876720326,999.8798340378901
2021-11-10,2021-11-10 12:47:00,12:47,Амбросимов Ф,Никифоров О,1,3,7,11,11,8,6,11,7,11,0,0,0,0.5000045179395769,0.4999954820604231,990.8015281279382,999.9984718720618
2021-11-10,2021-11-10 12:47:00,12:47,Садовский Н,Ильичев М,3,2,11,4,11,7,10,12,4,11,12,10,1,0.5061227055396549,0.4938772944603451,1013.6228412521536,1000.2807947928426
2021-11-10,2021-11-10 13:00:00,13:00,Зирин А,Кутин В,3,1,11,5,11,8,9,11,11,9,0,0,1,0.5134118992496628,0.4865881007503372,1009.1983888169804,990.9233894730969
2021-11-10,2021-11-10 13:17:00,13:17,Полетаев И,Андреев Д,1,3,5,11,9,11,15,13,5,11,0,0,0,0.4996632803723937,0.5003367196276063,999.886109421914,1009.3138905780859
2021-11-10,2021-11-10 13:17:00,13:17,Журба Н,Козлов А,0,3,5,11,6,11,3,11,0,0,0,0,0,0.5239907551345623,0.4760092448654377,1007.5597835814882,1000.5179185904707
2021-11-10,2021-11-10 13:31:00,13:31,Кутин В,Пандур И,2,3,8,11,11,5,4,11,11,8,8,11,0,0.4871134945783728,0.5128865054216272,986.4419453229759,1004.361278188011
2021-11-10,2021-11-10 13:45:00,13:45,Андреев Д,Никифоров О,3,0,11,8,11,6,11,9,0,0,0,0,1,0.5134027536531637,0.4865972463468363,1013.7905852444768,995.5217772056709
2021-11-10,2021-11-10 13:46:00,13:46,Козлов А,Ильичев М,1,3,12,10,9,11,8,11,9,11,0,0,0,0.5003412485230231,0.4996587514769769,995.9147791040589,1004.8839342792544
2021-11-10,2021-11-10 14:01:00,14:01,Михайлов И,Зирин А,3,2,11,5,11,6,8,11,4,11,11,4,1,0.4999999983522877,0.5000000016477123,1013.7983876871915,1004.5983888018214
2021-11-10,2021-11-10 14:16:00,14:16,Амбросимов Ф,Полетаев И,3,2,11,9,17,15,10,12,4,11,13,11,1,0.4869292152515253,0.5130707847484747,995.5217793476243,995.165858202228
2021-11-10,2021-11-10 14:16:00,14:16,Садовский Н,Журба Н,3,2,11,6,6,11,11,8,8,11,11,5,1,0.5087245557602244,0.49127544423977565,1018.1425753391596,1003.0400494944822
2021-11-10,2021-11-10 14:31:00,14:31,Пандур И,Кутин В,2,3,9,11,12,10,7,11,12,10,8,11,0,0.5257651511998128,0.4742348488001872,999.5242387969728,991.2789847140142
2021-11-10,2021-11-10 14:46:00,14:46,Козлов А,Журба Н,3,1,6,11,11,4,11,3,11,8,0,0,1,0.489747348965842,0.5102526510341581,1000.6091034935731,998.345725104968
2021-11-10,2021-11-10 15:05:00,15:05,Михайлов И,Зирин А,2,3,11,4,12,14,4,11,11,4,9,11,0,0.5132367690576216,0.4867632309423784,1009.0766094118613,1009.3201670771516
2021-11-10,2021-11-10 15:09:00,15:09,Никифоров О,Амбросимов Ф,3,2,7,11,10,12,11,8,11,3,12,10,1,0.4999999969174813,0.5000000030825187,1000.1217772340301,990.921779319265
2021-11-10,2021-11-10 15:15:00,15:15,Садовский Н,Ильичев М,3,1,11,9,5,11,11,6,11,6,0,0,1,0.5190714612921011,0.48092853870789887,1022.5671178952723,1000.4593917231417
2021-11-10,2021-11-10 15:37:00,15:37,Андреев Д,Полетаев И,1,3,11,1,8,11,10,12,5,11,0,0,0,0.5267774921350323,0.47322250786496767,1008.9442323168345,1000.0122111298704
2021-11-10,2021-11-10 15:37:00,15:37,Ким Сен,Свердлов М,1,3,15,13,6,11,7,11,7,11,0,0,0,0.4739012330226312,0.5260987669773688,977.4883305498571,1004.3598913438082
2021-11-10,2021-11-10 15:46:00,15:46,Евлахин Д,Фролов А,1,3,10,12,4,11,11,4,5,11,0,0,0,0.5138148104590027,0.4861851895409973,1004.8748611279252,1004.7270962562228
2021-11-10,2021-11-10 15:57:00,15:57,Пашков Н,Кугурушев Д,3,1,11,7,7,11,11,4,11,8,0,0,1,0.5,0.5,1004.6,995.4
2021-11-10,2021-11-10 16:05:00,16:05,Гусев М,Федоров А,2,3,6,11,11,4,11,6,13,15,5,11,0,0.4865927380648255,0.5134072619351745,986.204793175265,1004.4766531901964
2021-11-10,2021-11-10 16:15:00,16:15,Медведев П,Павленко Р,3,0,11,4,11,7,11,5,0,0,0,0,1,0.48132990775861045,0.5186700922413896,1004.7717648486208,1008.2075785754148
2021-11-10,2021-11-10 16:20:00,16:20,Белугин О,Орлов А,3,0,11,2,11,8,11,6,0,0,0,0,1,0.49964398763223294,0.5003560123677671,1004.3558925410806,995.3967246862165
2021-11-10,2021-11-10 16:42:00,16:42,Свердлов М,Гусев М,3,1,11,9,6,11,11,9,11,8,0,0,1,0.5261035319106561,0.47389646808934394,1008.7197388502301,981.844945668843
2021-11-10,2021-11-10 16:46:00,16:46,Фролов А,Медведев П,3,2,11,8,8,11,8,11,13,11,13,11,1,0.4999357167284913,0.5000642832715088,1009.3276876623207,1000.1711734425229
2021-11-10,2021-11-10 16:46:00,16:46,Кугурушев Д,Белугин О,1,3,3,11,17,19,13,11,5,11,0,0,0,0.4871142884766915,0.5128857115233085,990.9185485460144,1008.8373439950661
2021-11-10,2021-11-10 17:11:00,17:11,Федоров А,Ким Сен,3,2,11,6,9,11,12,10,7,11,13,11,1,0.5387613880240717,0.4612386119759283,1008.720048420375,973.2449353196786
2021-11-10,2021-11-10 17:20:00,17:20,Орлов А,Пашков Н,3,2,11,7,11,9,8,11,3,11,11,9,1,0.4867585190886516,0.5132414809113484,1000.118546310601,999.8781783756156
2021-11-10,2021-11-10 17:20:00,17:20,Павленко Р,Евлахин Д,1,3,9,11,6,11,13,11,13,15,0,0,0,0.5047960188485724,0.4952039811514276,1003.563455202008,1009.518984501332
2021-11-10,2021-11-10 17:45:00,17:45,Ким Сен,Гусев М,3,0,11,1,11,4,11,8,0,0,0,0,1,0.48762611729616107,0.5123738827038389,977.9587750405539,977.1311059479677
2021-11-10,2021-11-10 17:46:00,17:46,Евлахин Д,Медведев П,1,3,9,11,7,11,11,8,9,11,0,0,0,0.5134493363840335,0.48655066361596655,1004.795250606599,1004.894907337256
2021-11-10,2021-11-10 17:56:00,17:56,Пашков Н,Белугин О,3,1,9,11,11,7,11,9,11,6,0,0,1,0.4871095812678681,0.5128904187321319,1004.5967702279512,1004.1187521427305
2021-11-10,2021-11-10 18:03:00,18:03,Свердлов М,Федоров А,2,3,8,11,11,8,6,11,12,10,9,11,0,0.4999995544927495,0.5000004455072504,1004.1197429488968,1013.3200443217082
2021-11-10,2021-11-10 18:15:00,18:15,Фролов А,Павленко Р,3,0,11,8,11,8,11,9,0,0,0,0,1,0.5082946363035242,0.4917053636964758,1013.8513770083283,999.0397658560004
2021-11-10,2021-11-10 18:22:00,18:22,Кугурушев Д,Орлов А,2,3,11,9,7,11,10,12,12,10,9,11,0,0.4867632325541851,0.5132367674458149,986.4403268065159,1004.5967680500995
2021-11-10,2021-11-10 18:33:00,18:33,Ким Сен,Гусев М,2,3,6,11,10,12,11,9,11,8,9,11,0,0.5011911093183996,0.4988088906816004,973.3478168348246,981.742064153697
2021-11-10,2021-11-10 18:45:00,18:45,Евлахин Д,Павленко Р,3,0,11,9,11,3,11,6,0,0,0,0,1,0.5082820507965625,0.4917179492034375,1009.3190557392707,994.5159607233287
2021-11-10,2021-11-10 18:59:00,18:59,Орлов А,Кугурушев Д,3,2,10,12,11,6,11,6,9,11,11,3,1,0.526105459482515,0.47389454051748503,1008.9565978228604,982.080497033755
2021-11-10,2021-11-10 19:09:00,19:09,Федоров А,Свердлов М,0,3,6,11,9,11,2,11,0,0,0,0,0,0.513237204066943,0.48676279593305705,1008.5982620442924,1008.8415252263127
2021-11-10,2021-11-10 19:14:00,19:14,Фролов А,Медведев П,3,1,11,7,3,11,11,6,11,5,0,0,1,0.5128865415284675,0.48711345847153253,1018.3328208262664,1000.4134635193179
2021-11-10,2021-11-10 19:28:00,19:28,Пашков Н,Белугин О,3,0,15,13,11,2,11,5,0,0,0,0,1,0.500687922889188,0.49931207711081205,1009.1904413373707,999.525081033311
2021-11-10,2021-11-10 19:31:00,19:31,Кузьмин С,Чернов В,1,3,9,11,11,7,7,11,5,11,0,0,0,0.5257653755100871,0.47423462448991294,995.1629585453072,986.917552307925
2021-11-10,2021-11-10 19:45:00,19:45,Никулин С,Гребенюк Б,3,1,11,4,11,13,11,8,11,6,0,0,1,0.5132367706605788,0.4867632293394212,1013.6782217099226,995.5217782900773
2021-11-10,2021-11-10 20:05:00,20:05,Земит И,Михайлов И,2,3,11,8,6,11,11,6,5,11,2,11,0,0.4869406798789059,0.5130593201210941,995.5201457451141,1013.5564636667473
2021-11-10,2021-11-10 20:10:00,20:10,Ширшов А,Пиньковский П,1,3,7,11,11,8,6,11,13,15,0,0,0,0.5261057074162792,0.47389429258372084,1003.9978833966622,995.5216144165877
2021-11-10,2021-11-10 20:16:00,20:16,Мишутин Е,Мошков И,3,2,11,7,12,10,7,11,7,11,11,8,1,0.5,0.5,1004.6,995.4
2021-11-10,2021-11-10 20:33:00,20:33,Чернов В,Земит И,0,3,10,12,6,11,5,11,0,0,0,0,0,0.48762240221106323,0.5123775977889368,982.4314262075832,1000.0062718454559
2021-11-10,2021-11-10 20:46:00,20:46,Чеклин М,Инназаров А,3,0,12,10,11,4,11,8,0,0,0,0,1,0.5,0.5,1004.6,995.4
2021-11-10,2021-11-10 20:47:00,20:47,Гребенюк Б,Мишутин Е,3,2,11,5,11,7,9,11,8,11,11,7,1,0.48693836117861977,0.5130616388213802,1000.241945367234,999.8798329228433
2021-11-10,2021-11-10 21:01:00,21:01,Михайлов И,Кузьмин С,1,3,6,11,11,8,8,11,9,11,0,0,0,0.5264456796522181,0.4735543203477819,1008.7131634139469,1000.0062587981076
2021-11-10,2021-11-10 21:03:00,21:03,Пиньковский П,Чеклин М,2,3,11,9,11,7,12,14,6,11,3,11,0,0.48693812550665194,0.5130618744933481,991.0417836619265,1009.0798307546612
2021-11-10,2021-11-10 21:16:00,21:16,Мошков И,Никулин С,2,3,8,11,8,11,11,6,11,6,6,11,0,0.4737197652889722,0.5262802347110278,991.0417781593414,1018.0364435505811
2021-11-10,2021-11-10 21:31:00,21:31,Кузьмин С,Земит И,3,1,11,7,12,10,7,11,15,13,0,0,1,0.4999999812233565,0.5000000187766436,1004.6062589708528,995.4062716727108
2021-11-10,2021-11-10 21:34:00,21:34,Инназаров А,Ширшов А,0,3,7,11,7,11,2,11,0,0,0,0,0,0.48762917635265474,0.5123708236473452,990.9138115775555,1008.4840718191067
2021-11-10,2021-11-10 21:47:00,21:47,Никулин С,Мишутин Е,2,3,11,5,6,11,9,11,11,7,8,11,0,0.5261057025814074,0.47389429741859257,1013.1962710868322,1004.7200053865922
2021-11-10,2021-11-10 21:56:00,21:56,Ширшов А,Чеклин М,2,3,8,11,12,10,12,10,11,13,8,11,0,0.499142634812789,0.500857365187211,1003.8919595788291,1013.6719429949388
2021-11-10,2021-11-10 22:03:00,22:03,Чернов В,Михайлов И,1,3,8,11,11,6,9,11,9,11,0,0,0,0.4622495170455804,0.5377504829544195,978.1787306507638,1012.9658589707662
2021-11-10,2021-11-10 22:17:00,22:17,Гребенюк Б,Мошков И,1,3,11,9,7,11,11,13,6,11,0,0,0,0.5132370111234302,0.48676298887656977,995.5201648648984,995.763558661677
2021-11-10,2021-11-10 22:39:00,22:39,Земит И,Чернов В,3,1,11,7,8,11,11,5,11,6,0,0,1,0.5247721257377778,0.47522787426222224,999.7783681159232,973.8066342075514
2021-11-10,2021-11-10 22:41:00,22:41,Пиньковский П,Инназаров А,3,2,11,5,8,11,5,11,11,8,11,9,1,0.5001841666252914,0.4998158333747086,995.6400893289738,986.3155059105083
2021-11-10,2021-11-10 22:46:00,22:46,Мошков И,Гребенюк Б,3,0,11,4,11,5,11,5,0,0,0,0,1,0.5003502717728185,0.49964972822718146,1000.3603361613672,990.9233873652083
2021-11-10,2021-11-10 23:03:00,23:03,Кузьмин С,Михайлов И,1,3,7,11,11,5,5,11,7,11,0,0,0,0.4879718895710357,0.5120281104289643,1000.1169175867992,1017.4552003548198
2021-11-10,2021-11-10 23:14:00,23:14,Ширшов А,Инназаров А,2,3,11,7,8,11,4,11,15,13,9,11,0,0.5252729937760603,0.4747270062239397,999.0594480360893,991.148017453248
2021-11-10,2021-11-10 23:18:00,23:18,Никулин С,Мишутин Е,2,3,11,8,9,11,11,8,7,11,3,11,0,0.5121959073448535,0.48780409265514646,1008.4840687392596,1009.4322077341649
2021-11-10,2021-11-10 23:31:00,23:31,Евлахин Д,Турабеков Т,3,0,11,6,11,7,11,9,0,0,0,0,1,0.513600761696006,0.486399238303994,1013.7939287316674,995.391073555936
2021-11-10,2021-11-10 23:49:00,23:49,Воронов Д,Ильин А,3,2,5,11,11,3,5,11,11,4,11,8,1,0.4365164670270875,0.5634835329729124,991.2841786948121,1025.2683206303968
2021-11-10,2021-11-10 23:52:00,23:52,Чеклин М,Пиньковский П,0,3,6,11,6,11,8,11,0,0,0,0,0,0.5259266489626909,0.4740733510373091,1008.8334178244821,1000.4786144994305
